{
    "Circle": [
        [
            -3.2584136988589307e-06,
            -20.0
        ],
        [
            5.176377296447754,
            -19.318517684936523
        ],
        [
            9.999996185302734,
            -17.320510864257812
        ],
        [
            14.142133712768555,
            -14.142139434814453
        ],
        [
            17.320507049560547,
            -10.000003814697266
        ],
        [
            19.31851577758789,
            -5.176384449005127
        ],
        [
            20.0,
            -3.097148237429792e-06
        ],
        [
            19.318517684936523,
            5.17637825012207
        ],
        [
            17.32050895690918,
            9.999998092651367
        ],
        [
            14.142136573791504,
            14.142133712768555
        ],
        [
            10.000001907348633,
            17.320507049560547
        ],
        [
            5.176382541656494,
            19.318517684936523
        ],
        [
            1.1920928955078125e-06,
            20.0
        ],
        [
            -5.176380157470703,
            19.318517684936523
        ],
        [
            -9.999999046325684,
            17.32050895690918
        ],
        [
            -14.142135620117188,
            14.142136573791504
        ],
        [
            -17.320507049560547,
            10.000000953674316
        ],
        [
            -19.31851577758789,
            5.176382541656494
        ],
        [
            -20.0,
            2.064765340037411e-06
        ],
        [
            -19.318517684936523,
            -5.176379203796387
        ],
        [
            -17.320510864257812,
            -9.999998092651367
        ],
        [
            -14.142139434814453,
            -14.142133712768555
        ],
        [
            -10.000001907348633,
            -17.320507049560547
        ],
        [
            -5.176383972167969,
            -19.31851577758789
        ],
        [
            -3.2584136988589307e-06,
            -20.0
        ]
    ],
    "Circle_Uniform_Scale": false,
    "Square": [
        [
            -20.0,
            -20.0
        ],
        [
            20.0,
            -20.0
        ],
        [
            20.0,
            20.0
        ],
        [
            -20.0,
            20.0
        ],
        [
            -20.0,
            -20.0
        ]
    ],
    "Square_Uniform_Scale": false
}