{
    "Mod_Root": {
        "Root": {
            "pos": [
                0.0,
                0.0
            ],
            "cvs": [
                [
                    -1.8377502176659052e-05,
                    0.0,
                    6.213876257320919
                ],
                [
                    29.19338381937156,
                    0.0,
                    2.58619617742282
                ],
                [
                    54.76841894877368,
                    0.0,
                    -2.8233584923940676
                ],
                [
                    74.67891751287983,
                    0.0,
                    -9.912830654958022
                ],
                [
                    90.53028663273014,
                    0.0,
                    -15.220835497027076
                ],
                [
                    102.20510026618571,
                    0.0,
                    -15.323263096422373
                ],
                [
                    107.54941320008967,
                    0.0,
                    -11.716829962459457
                ],
                [
                    105.64272413409219,
                    0.0,
                    -5.557893792225279
                ],
                [
                    96.77308233702536,
                    0.0,
                    3.561386789971115
                ],
                [
                    80.98736162566013,
                    0.0,
                    16.15788085470159
                ],
                [
                    57.377317588749065,
                    0.0,
                    27.082689496790383
                ],
                [
                    29.19487524246093,
                    0.0,
                    33.41423601773265
                ],
                [
                    6.723421826285136e-06,
                    0.0,
                    36.815902824541276
                ],
                [
                    -29.19486179561728,
                    0.0,
                    33.414236101104116
                ],
                [
                    -57.37730165314509,
                    0.0,
                    27.082692670408992
                ],
                [
                    -80.98735704688177,
                    0.0,
                    16.157884873539437
                ],
                [
                    -96.7730730261799,
                    0.0,
                    3.561392890534707
                ],
                [
                    -105.6427154119647,
                    0.0,
                    -5.55788617218418
                ],
                [
                    -107.54941491409255,
                    0.0,
                    -11.71682509341992
                ],
                [
                    -102.20511215496931,
                    0.0,
                    -15.323261720811225
                ],
                [
                    -90.53030919433729,
                    0.0,
                    -15.220835838023872
                ],
                [
                    -74.67895021855252,
                    0.0,
                    -9.912832797429557
                ],
                [
                    -54.768451436136026,
                    0.0,
                    -2.8233576970302385
                ],
                [
                    -29.19342147075471,
                    0.0,
                    2.586198080405272
                ],
                [
                    -1.8377502176659052e-05,
                    0.0,
                    6.213876257320919
                ]
            ]
        },
        "Root_Offset": {
            "pos": [
                0.0,
                -24.18218970817535
            ],
            "cvs": [
                [
                    -1.1243225421411422e-05,
                    0.0,
                    1.2675259421596496
                ],
                [
                    17.861199402218073,
                    0.0,
                    0.9369633002452393
                ],
                [
                    34.50519845407776,
                    0.0,
                    0.22865131530328847
                ],
                [
                    48.79773164717559,
                    0.0,
                    -0.23834877408024607
                ],
                [
                    59.76477610548674,
                    0.0,
                    0.04625839398277132
                ],
                [
                    66.65894750276071,
                    0.0,
                    1.2348405726451495
                ],
                [
                    69.01042323354278,
                    0.0,
                    3.1297260981593342
                ],
                [
                    66.65895408410753,
                    0.0,
                    6.169750336990938
                ],
                [
                    59.76478268683356,
                    0.0,
                    9.579772062544881
                ],
                [
                    48.79774151919582,
                    0.0,
                    13.244075173026966
                ],
                [
                    34.505218198118214,
                    0.0,
                    16.741180629260395
                ],
                [
                    17.86121750092183,
                    0.0,
                    19.35429678440157
                ],
                [
                    4.1133417626346815e-06,
                    0.0,
                    20.3345514609106
                ],
                [
                    -17.861209274238306,
                    0.0,
                    19.35429678440157
                ],
                [
                    -34.505208326097986,
                    0.0,
                    16.741181538447023
                ],
                [
                    -48.79773822852241,
                    0.0,
                    13.244076536806904
                ],
                [
                    -59.76477610548674,
                    0.0,
                    9.57977342632482
                ],
                [
                    -66.65894750276071,
                    0.0,
                    6.169752382660847
                ],
                [
                    -69.01042323354278,
                    0.0,
                    3.129728558717782
                ],
                [
                    -66.65895408410753,
                    0.0,
                    1.2348430729083721
                ],
                [
                    -59.76478926818038,
                    0.0,
                    0.04626112154265044
                ],
                [
                    -48.79775139121605,
                    0.0,
                    -0.23834604652036695
                ],
                [
                    -34.505218198118214,
                    0.0,
                    0.22865313367654122
                ],
                [
                    -17.861222436931946,
                    0.0,
                    0.9369642094318658
                ],
                [
                    -1.1243225421411422e-05,
                    0.0,
                    1.2675259421596496
                ]
            ]
        }
    }
}